-- MySQL Script generated by MySQL Workbench
-- 04/06/16 15:22:47
-- Model: New Model    Version: 1.0
-- MySQL Workbench Forward Engineering

SET @OLD_UNIQUE_CHECKS=@@UNIQUE_CHECKS, UNIQUE_CHECKS=0;
SET @OLD_FOREIGN_KEY_CHECKS=@@FOREIGN_KEY_CHECKS, FOREIGN_KEY_CHECKS=0;
SET @OLD_SQL_MODE=@@SQL_MODE, SQL_MODE='TRADITIONAL,ALLOW_INVALID_DATES';

-- -----------------------------------------------------
-- Schema petstore
-- -----------------------------------------------------
DROP SCHEMA IF EXISTS `petstore` ;

-- -----------------------------------------------------
-- Schema petstore
-- -----------------------------------------------------
CREATE SCHEMA IF NOT EXISTS `petstore` DEFAULT CHARACTER SET utf8 ;
SHOW WARNINGS;
USE `petstore` ;

-- -----------------------------------------------------
-- Table `petstore`.`customer`
-- -----------------------------------------------------
DROP TABLE IF EXISTS `petstore`.`customer` ;

SHOW WARNINGS;
CREATE TABLE IF NOT EXISTS `petstore`.`customer` (
  `cus_id` SMALLINT UNSIGNED NOT NULL AUTO_INCREMENT,
  `cus_fname` VARCHAR(15) NOT NULL,
  `cus_lname` VARCHAR(15) NOT NULL,
  `cus_street` VARCHAR(30) NOT NULL,
  `cus_city` VARCHAR(30) NOT NULL,
  `cus_state` CHAR(2) NOT NULL,
  `cus_zip` INT NOT NULL,
  `cus_phone` BIGINT NOT NULL,
  `cus_email` VARCHAR(100) NOT NULL,
  `cus_balance` DECIMAL(6,2) NOT NULL,
  `cus_total_sales` DECIMAL(6,2) NOT NULL,
  `cus_notes` VARCHAR(255) NULL,
  PRIMARY KEY (`cus_id`))
ENGINE = InnoDB;

SHOW WARNINGS;

-- -----------------------------------------------------
-- Table `petstore`.`petstore`
-- -----------------------------------------------------
DROP TABLE IF EXISTS `petstore`.`petstore` ;

SHOW WARNINGS;
CREATE TABLE IF NOT EXISTS `petstore`.`petstore` (
  `pst_id` SMALLINT UNSIGNED NOT NULL AUTO_INCREMENT,
  `pst_name` VARCHAR(30) NOT NULL,
  `pst_street` VARCHAR(30) NOT NULL,
  `pst_city` VARCHAR(30) NOT NULL,
  `pst_state` CHAR(2) NOT NULL,
  `pst_zip` INT(9) NOT NULL,
  `pst_phone` BIGINT NOT NULL,
  `pst_email` VARCHAR(100) NOT NULL,
  `pst_url` VARCHAR(100) NOT NULL,
  `pst_ytd_sales` DECIMAL(10,2) NOT NULL,
  `pst_notes` VARCHAR(255) NULL,
  PRIMARY KEY (`pst_id`))
ENGINE = InnoDB;

SHOW WARNINGS;

-- -----------------------------------------------------
-- Table `petstore`.`pet`
-- -----------------------------------------------------
DROP TABLE IF EXISTS `petstore`.`pet` ;

SHOW WARNINGS;
CREATE TABLE IF NOT EXISTS `petstore`.`pet` (
  `pet_id` SMALLINT UNSIGNED NOT NULL AUTO_INCREMENT,
  `pst_id` SMALLINT UNSIGNED NOT NULL,
  `cus_id` SMALLINT UNSIGNED NULL,
  `pet_type` VARCHAR(45) NOT NULL,
  `pet_sex` ENUM('m','f') NOT NULL,
  `pet_cost` DECIMAL(6,2) NOT NULL,
  `pet_price` DECIMAL(6,2) NOT NULL,
  `pet_age` TINYINT NOT NULL,
  `pet_color` VARCHAR(30) NOT NULL,
  `pet_sale_date` DATE NOT NULL,
  `pet_vaccine` ENUM('y','n') NOT NULL,
  `pet_neuter` ENUM('y','n') NOT NULL,
  `pet_notes` VARCHAR(255) NULL,
  PRIMARY KEY (`pet_id`),
  INDEX `fk_pet_petstore_idx` (`pst_id` ASC),
  INDEX `fk_pet_customer1_idx` (`cus_id` ASC),
  CONSTRAINT `fk_pet_petstore`
    FOREIGN KEY (`pst_id`)
    REFERENCES `petstore`.`petstore` (`pst_id`)
    ON DELETE NO ACTION
    ON UPDATE NO ACTION,
  CONSTRAINT `fk_pet_customer1`
    FOREIGN KEY (`cus_id`)
    REFERENCES `petstore`.`customer` (`cus_id`)
    ON DELETE NO ACTION
    ON UPDATE NO ACTION)
ENGINE = InnoDB;

SHOW WARNINGS;

SET SQL_MODE=@OLD_SQL_MODE;
SET FOREIGN_KEY_CHECKS=@OLD_FOREIGN_KEY_CHECKS;
SET UNIQUE_CHECKS=@OLD_UNIQUE_CHECKS;

-- -----------------------------------------------------
-- Data for table `petstore`.`customer`
-- -----------------------------------------------------
START TRANSACTION;
USE `petstore`;
INSERT INTO `petstore`.`customer` (`cus_id`, `cus_fname`, `cus_lname`, `cus_street`, `cus_city`, `cus_state`, `cus_zip`, `cus_phone`, `cus_email`, `cus_balance`, `cus_total_sales`, `cus_notes`) VALUES (1, 'Andy', 'Anderson', '102 West dr.', 'Tallahassee', 'FL', 32304, 4235432663, 'aa@gmail.com', 231.34, 432.34, NULL);
INSERT INTO `petstore`.`customer` (`cus_id`, `cus_fname`, `cus_lname`, `cus_street`, `cus_city`, `cus_state`, `cus_zip`, `cus_phone`, `cus_email`, `cus_balance`, `cus_total_sales`, `cus_notes`) VALUES (2, 'Brian', 'Benjie', '329 North rd.', 'Orlando', 'FL', 32751, 6526543653, 'bb@gmail.com', 323.53, 543.46, NULL);
INSERT INTO `petstore`.`customer` (`cus_id`, `cus_fname`, `cus_lname`, `cus_street`, `cus_city`, `cus_state`, `cus_zip`, `cus_phone`, `cus_email`, `cus_balance`, `cus_total_sales`, `cus_notes`) VALUES (3, 'Chris', 'Charles', '343 East st.', 'Tallahassee', 'FL', 32304, 4632463544, 'cc@gmail.com', 543.23, 574.54, NULL);
INSERT INTO `petstore`.`customer` (`cus_id`, `cus_fname`, `cus_lname`, `cus_street`, `cus_city`, `cus_state`, `cus_zip`, `cus_phone`, `cus_email`, `cus_balance`, `cus_total_sales`, `cus_notes`) VALUES (4, 'Dan', 'Davis', '324 South pky.', 'Orlando', 'FL', 32751, 4543653656, 'dd@gmail.com', 234.54, 656.65, NULL);
INSERT INTO `petstore`.`customer` (`cus_id`, `cus_fname`, `cus_lname`, `cus_street`, `cus_city`, `cus_state`, `cus_zip`, `cus_phone`, `cus_email`, `cus_balance`, `cus_total_sales`, `cus_notes`) VALUES (5, 'Evan', 'Everheart', '243 Up dr.', 'Reno', 'NV', 54534, 6437437544, 'ee@gmail.com', 123.53, 655.56, NULL);
INSERT INTO `petstore`.`customer` (`cus_id`, `cus_fname`, `cus_lname`, `cus_street`, `cus_city`, `cus_state`, `cus_zip`, `cus_phone`, `cus_email`, `cus_balance`, `cus_total_sales`, `cus_notes`) VALUES (6, 'Frank', 'Father', '234 Down rd.', 'New York', 'NY', 64565, 7543652345, 'ff@gmail.com', 452.21, 645.54, NULL);
INSERT INTO `petstore`.`customer` (`cus_id`, `cus_fname`, `cus_lname`, `cus_street`, `cus_city`, `cus_state`, `cus_zip`, `cus_phone`, `cus_email`, `cus_balance`, `cus_total_sales`, `cus_notes`) VALUES (7, 'Grey', 'Gone', '323 Left st.', 'Jacksonville', 'FL', 43253, 5327543743, 'gg@gmail.com', 21.23, 764.45, NULL);
INSERT INTO `petstore`.`customer` (`cus_id`, `cus_fname`, `cus_lname`, `cus_street`, `cus_city`, `cus_state`, `cus_zip`, `cus_phone`, `cus_email`, `cus_balance`, `cus_total_sales`, `cus_notes`) VALUES (8, 'Henry', 'Hanks', '234 Right dr.', 'Winter Park', 'FL', 54343, 5775436543, 'hh@gmail.com', 354.23, 654.56, NULL);
INSERT INTO `petstore`.`customer` (`cus_id`, `cus_fname`, `cus_lname`, `cus_street`, `cus_city`, `cus_state`, `cus_zip`, `cus_phone`, `cus_email`, `cus_balance`, `cus_total_sales`, `cus_notes`) VALUES (9, 'Iris', 'Irine', '323 Red rd.', 'Orlando', 'FL', 32751, 4364365477, 'ii@gmail.com', 325.54, 546.54, NULL);
INSERT INTO `petstore`.`customer` (`cus_id`, `cus_fname`, `cus_lname`, `cus_street`, `cus_city`, `cus_state`, `cus_zip`, `cus_phone`, `cus_email`, `cus_balance`, `cus_total_sales`, `cus_notes`) VALUES (10, 'John', 'Jackubs', '342 Blue st.', 'Tallahassee', 'FL', 32304, 6274562534, 'jj@gmail.com', 123.33, 564.45, NULL);

COMMIT;


-- -----------------------------------------------------
-- Data for table `petstore`.`petstore`
-- -----------------------------------------------------
START TRANSACTION;
USE `petstore`;
INSERT INTO `petstore`.`petstore` (`pst_id`, `pst_name`, `pst_street`, `pst_city`, `pst_state`, `pst_zip`, `pst_phone`, `pst_email`, `pst_url`, `pst_ytd_sales`, `pst_notes`) VALUES (DEFAULT, 'South Orlando Pet Store', 'Remington ln.', 'Orlando', 'FL', 32751, 3424324333, 'sops@gmail.com', 'southorlandops.com', 233.24, NULL);
INSERT INTO `petstore`.`petstore` (`pst_id`, `pst_name`, `pst_street`, `pst_city`, `pst_state`, `pst_zip`, `pst_phone`, `pst_email`, `pst_url`, `pst_ytd_sales`, `pst_notes`) VALUES (DEFAULT, 'North Orlando Pet Store', 'Johnson Dr.', 'Orlando', 'FL', 32751, 9302230322, 'nops@gmail.com', 'northorlandops.com', 323.53, NULL);
INSERT INTO `petstore`.`petstore` (`pst_id`, `pst_name`, `pst_street`, `pst_city`, `pst_state`, `pst_zip`, `pst_phone`, `pst_email`, `pst_url`, `pst_ytd_sales`, `pst_notes`) VALUES (DEFAULT, 'East Orlando Pet Store', 'Runner rd', 'Orlando', 'FL', 32751, 9328892233, 'eops@gmail.com', 'eastorlandops.com', 324.21, NULL);
INSERT INTO `petstore`.`petstore` (`pst_id`, `pst_name`, `pst_street`, `pst_city`, `pst_state`, `pst_zip`, `pst_phone`, `pst_email`, `pst_url`, `pst_ytd_sales`, `pst_notes`) VALUES (DEFAULT, 'West Orlando Pet Stoer', 'Thomasville rd', 'Orlando', 'FL', 32751, 3428934322, 'wops@gmail.com', 'westorlandops.com', 432.52, NULL);
INSERT INTO `petstore`.`petstore` (`pst_id`, `pst_name`, `pst_street`, `pst_city`, `pst_state`, `pst_zip`, `pst_phone`, `pst_email`, `pst_url`, `pst_ytd_sales`, `pst_notes`) VALUES (DEFAULT, 'South Tallahassee Pet Store', 'White dr.', 'Tallahassee', 'FL', 32304, 5443253266, 'stps@gmail.com', 'southtallyps.com', 234.23, NULL);
INSERT INTO `petstore`.`petstore` (`pst_id`, `pst_name`, `pst_street`, `pst_city`, `pst_state`, `pst_zip`, `pst_phone`, `pst_email`, `pst_url`, `pst_ytd_sales`, `pst_notes`) VALUES (DEFAULT, 'North Tallahassee Pet Store', 'Red rd.', 'Tallahassee', 'FL', 32304, 6257436763, 'ntps@gmail.com', 'northtallyps.com', 432.53, NULL);
INSERT INTO `petstore`.`petstore` (`pst_id`, `pst_name`, `pst_street`, `pst_city`, `pst_state`, `pst_zip`, `pst_phone`, `pst_email`, `pst_url`, `pst_ytd_sales`, `pst_notes`) VALUES (DEFAULT, 'East Tallahassee Pet Store', 'Green st.', 'Tallahassee', 'FL', 32304, 6234543255, 'etps@gmail.com', 'easttallyps.com', 522.52, NULL);
INSERT INTO `petstore`.`petstore` (`pst_id`, `pst_name`, `pst_street`, `pst_city`, `pst_state`, `pst_zip`, `pst_phone`, `pst_email`, `pst_url`, `pst_ytd_sales`, `pst_notes`) VALUES (DEFAULT, 'West Tallahassee Pet Store', 'Blue dr.', 'Tallahassee', 'FL', 32304, 6534763423, 'wtps@gmail.com', 'westtallyps.com', 432.54, NULL);
INSERT INTO `petstore`.`petstore` (`pst_id`, `pst_name`, `pst_street`, `pst_city`, `pst_state`, `pst_zip`, `pst_phone`, `pst_email`, `pst_url`, `pst_ytd_sales`, `pst_notes`) VALUES (DEFAULT, 'South New York Pet Store', 'Up st.', 'New York', 'NY', 82424, 5432753456, 'snyps@gmail.com', 'southnyps.com', 562.23, NULL);
INSERT INTO `petstore`.`petstore` (`pst_id`, `pst_name`, `pst_street`, `pst_city`, `pst_state`, `pst_zip`, `pst_phone`, `pst_email`, `pst_url`, `pst_ytd_sales`, `pst_notes`) VALUES (DEFAULT, 'North New York Pet Store', 'Down st', 'New York', 'NY', 84321, 7635265243, 'nnyps@gmail.com', 'northnyps.com', 643.35, NULL);

COMMIT;


-- -----------------------------------------------------
-- Data for table `petstore`.`pet`
-- -----------------------------------------------------
START TRANSACTION;
USE `petstore`;
INSERT INTO `petstore`.`pet` (`pet_id`, `pst_id`, `cus_id`, `pet_type`, `pet_sex`, `pet_cost`, `pet_price`, `pet_age`, `pet_color`, `pet_sale_date`, `pet_vaccine`, `pet_neuter`, `pet_notes`) VALUES (DEFAULT, 1, 1, 'red', 'm', 343.23, 765.56, 1, 'red', '2011-01-04', 'n', 'y', NULL);
INSERT INTO `petstore`.`pet` (`pet_id`, `pst_id`, `cus_id`, `pet_type`, `pet_sex`, `pet_cost`, `pet_price`, `pet_age`, `pet_color`, `pet_sale_date`, `pet_vaccine`, `pet_neuter`, `pet_notes`) VALUES (DEFAULT, 2, 2, 'red', 'm', 542.23, 765.67, 1, 'orange', '2011-02-12', 'n', 'y', NULL);
INSERT INTO `petstore`.`pet` (`pet_id`, `pst_id`, `cus_id`, `pet_type`, `pet_sex`, `pet_cost`, `pet_price`, `pet_age`, `pet_color`, `pet_sale_date`, `pet_vaccine`, `pet_neuter`, `pet_notes`) VALUES (DEFAULT, 3, 3, 'blue', 'm', 122.43, 876.65, 1, 'orange', '2012-07-24', 'n', 'y', NULL);
INSERT INTO `petstore`.`pet` (`pet_id`, `pst_id`, `cus_id`, `pet_type`, `pet_sex`, `pet_cost`, `pet_price`, `pet_age`, `pet_color`, `pet_sale_date`, `pet_vaccine`, `pet_neuter`, `pet_notes`) VALUES (DEFAULT, 4, 4, 'green', 'm', 432.12, 856.56, 1, 'red', '2013-02-11', 'y', 'n', NULL);
INSERT INTO `petstore`.`pet` (`pet_id`, `pst_id`, `cus_id`, `pet_type`, `pet_sex`, `pet_cost`, `pet_price`, `pet_age`, `pet_color`, `pet_sale_date`, `pet_vaccine`, `pet_neuter`, `pet_notes`) VALUES (DEFAULT, 5, 5, 'blue', 'f', 342.12, 876.67, 2, 'black', '2012-05-23', 'y', 'y', NULL);
INSERT INTO `petstore`.`pet` (`pet_id`, `pst_id`, `cus_id`, `pet_type`, `pet_sex`, `pet_cost`, `pet_price`, `pet_age`, `pet_color`, `pet_sale_date`, `pet_vaccine`, `pet_neuter`, `pet_notes`) VALUES (DEFAULT, 6, 6, 'yellow', 'm', 543.21, 768.87, 2, 'black', '2011-11-01', 'n', 'n', NULL);
INSERT INTO `petstore`.`pet` (`pet_id`, `pst_id`, `cus_id`, `pet_type`, `pet_sex`, `pet_cost`, `pet_price`, `pet_age`, `pet_color`, `pet_sale_date`, `pet_vaccine`, `pet_neuter`, `pet_notes`) VALUES (DEFAULT, 7, 7, 'orange', 'm', 334.22, 876.76, 1, 'white/blue', '2013-06-26', 'y', 'y', NULL);
INSERT INTO `petstore`.`pet` (`pet_id`, `pst_id`, `cus_id`, `pet_type`, `pet_sex`, `pet_cost`, `pet_price`, `pet_age`, `pet_color`, `pet_sale_date`, `pet_vaccine`, `pet_neuter`, `pet_notes`) VALUES (DEFAULT, 8, 8, 'yellow', 'f', 523.23, 969.78, 2, 'black', '2014-10-14', 'y', 'y', NULL);
INSERT INTO `petstore`.`pet` (`pet_id`, `pst_id`, `cus_id`, `pet_type`, `pet_sex`, `pet_cost`, `pet_price`, `pet_age`, `pet_color`, `pet_sale_date`, `pet_vaccine`, `pet_neuter`, `pet_notes`) VALUES (DEFAULT, 9, 9, 'blue', 'f', 212.23, 987.67, 3, 'white', '2012-11-10', 'n', 'n', NULL);
INSERT INTO `petstore`.`pet` (`pet_id`, `pst_id`, `cus_id`, `pet_type`, `pet_sex`, `pet_cost`, `pet_price`, `pet_age`, `pet_color`, `pet_sale_date`, `pet_vaccine`, `pet_neuter`, `pet_notes`) VALUES (DEFAULT, 10, 10, 'red', 'm', 412.21, 768.87, 1, 'red', '2012-12-13', 'n', 'y', NULL);

COMMIT;

